{"loss/train": 4.792358875274658, "_timestamp": 1730484507.4956846, "_runtime": 3.29744553565979, "_step": 1, "loss/train_avg": 4.792358875274658, "_wandb": {"runtime": 1}}