{"_timestamp":1.730483399386601e+09,"_runtime":6.499417,"_step":292,"loss/train_avg":3.2846065378189087,"_wandb":{"runtime":6},"loss/train":3.245744466781616}