{"loss/train": 2.512969732284546, "_timestamp": 1730484568.8185468, "_runtime": 10.966108798980713, "_step": 4520, "loss/train_avg": 2.548194468021393, "_wandb": {"runtime": 9}}