{"loss/train": 2.0059449672698975, "_timestamp": 1730484811.0824687, "_runtime": 34.50534677505493, "_step": 3614, "loss/train_avg": 2.062403259277344, "_wandb": {"runtime": 33}}